model,task_id,passed,detail
claude-sonnet,HumanEval/0,True,passed
claude-sonnet,HumanEval/1,True,passed
claude-sonnet,HumanEval/10,True,passed
claude-sonnet,HumanEval/100,True,passed
claude-sonnet,HumanEval/101,True,passed
claude-sonnet,HumanEval/102,True,passed
claude-sonnet,HumanEval/103,True,passed
claude-sonnet,HumanEval/104,True,passed
claude-sonnet,HumanEval/105,True,passed
claude-sonnet,HumanEval/106,True,passed
claude-sonnet,HumanEval/107,True,passed
claude-sonnet,HumanEval/108,True,passed
claude-sonnet,HumanEval/109,True,passed
claude-sonnet,HumanEval/11,True,passed
claude-sonnet,HumanEval/110,True,passed
claude-sonnet,HumanEval/111,True,passed
claude-sonnet,HumanEval/112,True,passed
claude-sonnet,HumanEval/113,True,passed
claude-sonnet,HumanEval/114,True,passed
claude-sonnet,HumanEval/115,True,passed
claude-sonnet,HumanEval/116,True,passed
claude-sonnet,HumanEval/117,True,passed
claude-sonnet,HumanEval/118,True,passed
claude-sonnet,HumanEval/119,True,passed
claude-sonnet,HumanEval/12,True,passed
claude-sonnet,HumanEval/120,True,passed
claude-sonnet,HumanEval/121,True,passed
claude-sonnet,HumanEval/122,True,passed
claude-sonnet,HumanEval/123,True,passed
claude-sonnet,HumanEval/124,True,passed
claude-sonnet,HumanEval/125,True,passed
claude-sonnet,HumanEval/126,True,passed
claude-sonnet,HumanEval/127,True,passed
claude-sonnet,HumanEval/128,True,passed
claude-sonnet,HumanEval/129,True,passed
claude-sonnet,HumanEval/13,True,passed
claude-sonnet,HumanEval/130,True,passed
claude-sonnet,HumanEval/131,True,passed
claude-sonnet,HumanEval/132,True,passed
claude-sonnet,HumanEval/133,True,passed
claude-sonnet,HumanEval/134,True,passed
claude-sonnet,HumanEval/135,True,passed
claude-sonnet,HumanEval/136,True,passed
claude-sonnet,HumanEval/137,True,passed
claude-sonnet,HumanEval/138,True,passed
claude-sonnet,HumanEval/139,True,passed
claude-sonnet,HumanEval/14,True,passed
claude-sonnet,HumanEval/140,True,passed
claude-sonnet,HumanEval/141,True,passed
claude-sonnet,HumanEval/142,True,passed
claude-sonnet,HumanEval/143,True,passed
claude-sonnet,HumanEval/144,True,passed
claude-sonnet,HumanEval/145,True,passed
claude-sonnet,HumanEval/146,True,passed
claude-sonnet,HumanEval/147,True,passed
claude-sonnet,HumanEval/148,True,passed
claude-sonnet,HumanEval/149,True,passed
claude-sonnet,HumanEval/15,True,passed
claude-sonnet,HumanEval/150,True,passed
claude-sonnet,HumanEval/151,True,passed
claude-sonnet,HumanEval/152,True,passed
claude-sonnet,HumanEval/153,True,passed
claude-sonnet,HumanEval/154,True,passed
claude-sonnet,HumanEval/155,True,passed
claude-sonnet,HumanEval/156,True,passed
claude-sonnet,HumanEval/157,True,passed
claude-sonnet,HumanEval/158,True,passed
claude-sonnet,HumanEval/159,True,passed
claude-sonnet,HumanEval/16,True,passed
claude-sonnet,HumanEval/160,True,passed
claude-sonnet,HumanEval/161,True,passed
claude-sonnet,HumanEval/162,True,passed
claude-sonnet,HumanEval/163,True,passed
claude-sonnet,HumanEval/17,True,passed
claude-sonnet,HumanEval/18,True,passed
claude-sonnet,HumanEval/19,True,passed
claude-sonnet,HumanEval/2,True,passed
claude-sonnet,HumanEval/20,True,passed
claude-sonnet,HumanEval/21,True,passed
claude-sonnet,HumanEval/22,True,passed
claude-sonnet,HumanEval/23,True,passed
claude-sonnet,HumanEval/24,True,passed
claude-sonnet,HumanEval/25,True,passed
claude-sonnet,HumanEval/26,True,passed
claude-sonnet,HumanEval/27,True,passed
claude-sonnet,HumanEval/28,True,passed
claude-sonnet,HumanEval/29,True,passed
claude-sonnet,HumanEval/3,True,passed
claude-sonnet,HumanEval/30,True,passed
claude-sonnet,HumanEval/31,True,passed
claude-sonnet,HumanEval/32,True,passed
claude-sonnet,HumanEval/33,True,passed
claude-sonnet,HumanEval/34,True,passed
claude-sonnet,HumanEval/35,True,passed
claude-sonnet,HumanEval/36,True,passed
claude-sonnet,HumanEval/37,True,passed
claude-sonnet,HumanEval/38,True,passed
claude-sonnet,HumanEval/39,True,passed
claude-sonnet,HumanEval/4,True,passed
claude-sonnet,HumanEval/40,True,passed
claude-sonnet,HumanEval/41,True,passed
claude-sonnet,HumanEval/42,True,passed
claude-sonnet,HumanEval/43,True,passed
claude-sonnet,HumanEval/44,True,passed
claude-sonnet,HumanEval/45,True,passed
claude-sonnet,HumanEval/46,True,passed
claude-sonnet,HumanEval/47,False,AssertionError
claude-sonnet,HumanEval/48,True,passed
claude-sonnet,HumanEval/49,True,passed
claude-sonnet,HumanEval/5,True,passed
claude-sonnet,HumanEval/50,True,passed
claude-sonnet,HumanEval/51,True,passed
claude-sonnet,HumanEval/52,True,passed
claude-sonnet,HumanEval/53,True,passed
claude-sonnet,HumanEval/54,True,passed
claude-sonnet,HumanEval/55,True,passed
claude-sonnet,HumanEval/56,True,passed
claude-sonnet,HumanEval/57,True,passed
claude-sonnet,HumanEval/58,True,passed
claude-sonnet,HumanEval/59,True,passed
claude-sonnet,HumanEval/6,True,passed
claude-sonnet,HumanEval/60,True,passed
claude-sonnet,HumanEval/61,True,passed
claude-sonnet,HumanEval/62,True,passed
claude-sonnet,HumanEval/63,True,passed
claude-sonnet,HumanEval/64,True,passed
claude-sonnet,HumanEval/65,True,passed
claude-sonnet,HumanEval/66,True,passed
claude-sonnet,HumanEval/67,True,passed
claude-sonnet,HumanEval/68,True,passed
claude-sonnet,HumanEval/69,True,passed
claude-sonnet,HumanEval/7,True,passed
claude-sonnet,HumanEval/70,True,passed
claude-sonnet,HumanEval/71,True,passed
claude-sonnet,HumanEval/72,True,passed
claude-sonnet,HumanEval/73,True,passed
claude-sonnet,HumanEval/74,True,passed
claude-sonnet,HumanEval/75,True,passed
claude-sonnet,HumanEval/76,True,passed
claude-sonnet,HumanEval/77,True,passed
claude-sonnet,HumanEval/78,True,passed
claude-sonnet,HumanEval/79,True,passed
claude-sonnet,HumanEval/8,True,passed
claude-sonnet,HumanEval/80,True,passed
claude-sonnet,HumanEval/81,True,passed
claude-sonnet,HumanEval/82,True,passed
claude-sonnet,HumanEval/83,True,passed
claude-sonnet,HumanEval/84,True,passed
claude-sonnet,HumanEval/85,True,passed
claude-sonnet,HumanEval/86,True,passed
claude-sonnet,HumanEval/87,True,passed
claude-sonnet,HumanEval/88,True,passed
claude-sonnet,HumanEval/89,True,passed
claude-sonnet,HumanEval/9,True,passed
claude-sonnet,HumanEval/90,True,passed
claude-sonnet,HumanEval/91,True,passed
claude-sonnet,HumanEval/92,True,passed
claude-sonnet,HumanEval/93,True,passed
claude-sonnet,HumanEval/94,True,passed
claude-sonnet,HumanEval/95,True,passed
claude-sonnet,HumanEval/96,True,passed
claude-sonnet,HumanEval/97,True,passed
claude-sonnet,HumanEval/98,True,passed
claude-sonnet,HumanEval/99,True,passed
deepseek-v3,HumanEval/0,True,passed
deepseek-v3,HumanEval/1,True,passed
deepseek-v3,HumanEval/10,True,passed
deepseek-v3,HumanEval/100,True,passed
deepseek-v3,HumanEval/101,True,passed
deepseek-v3,HumanEval/102,False,AssertionError
deepseek-v3,HumanEval/103,True,passed
deepseek-v3,HumanEval/104,True,passed
deepseek-v3,HumanEval/105,True,passed
deepseek-v3,HumanEval/106,True,passed
deepseek-v3,HumanEval/107,True,passed
deepseek-v3,HumanEval/108,True,passed
deepseek-v3,HumanEval/109,True,passed
deepseek-v3,HumanEval/11,True,passed
deepseek-v3,HumanEval/110,True,passed
deepseek-v3,HumanEval/111,True,passed
deepseek-v3,HumanEval/112,True,passed
deepseek-v3,HumanEval/113,True,passed
deepseek-v3,HumanEval/114,True,passed
deepseek-v3,HumanEval/115,True,passed
deepseek-v3,HumanEval/116,False,AssertionError
deepseek-v3,HumanEval/117,True,passed
deepseek-v3,HumanEval/118,True,passed
deepseek-v3,HumanEval/119,True,passed
deepseek-v3,HumanEval/12,True,passed
deepseek-v3,HumanEval/120,True,passed
deepseek-v3,HumanEval/121,True,passed
deepseek-v3,HumanEval/122,True,passed
deepseek-v3,HumanEval/123,True,passed
deepseek-v3,HumanEval/124,True,passed
deepseek-v3,HumanEval/125,True,passed
deepseek-v3,HumanEval/126,True,passed
deepseek-v3,HumanEval/127,False,AssertionError
deepseek-v3,HumanEval/128,True,passed
deepseek-v3,HumanEval/129,True,passed
deepseek-v3,HumanEval/13,True,passed
deepseek-v3,HumanEval/130,True,passed
deepseek-v3,HumanEval/131,True,passed
deepseek-v3,HumanEval/132,False,AssertionError
deepseek-v3,HumanEval/133,True,passed
deepseek-v3,HumanEval/134,True,passed
deepseek-v3,HumanEval/135,True,passed
deepseek-v3,HumanEval/136,True,passed
deepseek-v3,HumanEval/137,True,passed
deepseek-v3,HumanEval/138,True,passed
deepseek-v3,HumanEval/139,True,passed
deepseek-v3,HumanEval/14,True,passed
deepseek-v3,HumanEval/140,True,passed
deepseek-v3,HumanEval/141,True,passed
deepseek-v3,HumanEval/142,True,passed
deepseek-v3,HumanEval/143,True,passed
deepseek-v3,HumanEval/144,True,passed
deepseek-v3,HumanEval/145,False,AssertionError
deepseek-v3,HumanEval/146,True,passed
deepseek-v3,HumanEval/147,True,passed
deepseek-v3,HumanEval/148,True,passed
deepseek-v3,HumanEval/149,True,passed
deepseek-v3,HumanEval/15,True,passed
deepseek-v3,HumanEval/150,True,passed
deepseek-v3,HumanEval/151,True,passed
deepseek-v3,HumanEval/152,True,passed
deepseek-v3,HumanEval/153,True,passed
deepseek-v3,HumanEval/154,True,passed
deepseek-v3,HumanEval/155,True,passed
deepseek-v3,HumanEval/156,True,passed
deepseek-v3,HumanEval/157,True,passed
deepseek-v3,HumanEval/158,True,passed
deepseek-v3,HumanEval/159,True,passed
deepseek-v3,HumanEval/16,True,passed
deepseek-v3,HumanEval/160,False,AssertionError
deepseek-v3,HumanEval/161,True,passed
deepseek-v3,HumanEval/162,True,passed
deepseek-v3,HumanEval/163,False,AssertionError: Test 3
deepseek-v3,HumanEval/17,True,passed
deepseek-v3,HumanEval/18,True,passed
deepseek-v3,HumanEval/19,True,passed
deepseek-v3,HumanEval/2,True,passed
deepseek-v3,HumanEval/20,True,passed
deepseek-v3,HumanEval/21,True,passed
deepseek-v3,HumanEval/22,True,passed
deepseek-v3,HumanEval/23,True,passed
deepseek-v3,HumanEval/24,True,passed
deepseek-v3,HumanEval/25,True,passed
deepseek-v3,HumanEval/26,True,passed
deepseek-v3,HumanEval/27,True,passed
deepseek-v3,HumanEval/28,True,passed
deepseek-v3,HumanEval/29,True,passed
deepseek-v3,HumanEval/3,True,passed
deepseek-v3,HumanEval/30,True,passed
deepseek-v3,HumanEval/31,True,passed
deepseek-v3,HumanEval/32,True,passed
deepseek-v3,HumanEval/33,True,passed
deepseek-v3,HumanEval/34,True,passed
deepseek-v3,HumanEval/35,True,passed
deepseek-v3,HumanEval/36,True,passed
deepseek-v3,HumanEval/37,True,passed
deepseek-v3,HumanEval/38,True,passed
deepseek-v3,HumanEval/39,True,passed
deepseek-v3,HumanEval/4,True,passed
deepseek-v3,HumanEval/40,True,passed
deepseek-v3,HumanEval/41,True,passed
deepseek-v3,HumanEval/42,True,passed
deepseek-v3,HumanEval/43,True,passed
deepseek-v3,HumanEval/44,True,passed
deepseek-v3,HumanEval/45,True,passed
deepseek-v3,HumanEval/46,True,passed
deepseek-v3,HumanEval/47,True,passed
deepseek-v3,HumanEval/48,True,passed
deepseek-v3,HumanEval/49,True,passed
deepseek-v3,HumanEval/5,True,passed
deepseek-v3,HumanEval/50,True,passed
deepseek-v3,HumanEval/51,True,passed
deepseek-v3,HumanEval/52,True,passed
deepseek-v3,HumanEval/53,True,passed
deepseek-v3,HumanEval/54,False,AssertionError
deepseek-v3,HumanEval/55,True,passed
deepseek-v3,HumanEval/56,True,passed
deepseek-v3,HumanEval/57,True,passed
deepseek-v3,HumanEval/58,True,passed
deepseek-v3,HumanEval/59,True,passed
deepseek-v3,HumanEval/6,True,passed
deepseek-v3,HumanEval/60,True,passed
deepseek-v3,HumanEval/61,True,passed
deepseek-v3,HumanEval/62,True,passed
deepseek-v3,HumanEval/63,True,passed
deepseek-v3,HumanEval/64,True,passed
deepseek-v3,HumanEval/65,True,passed
deepseek-v3,HumanEval/66,True,passed
deepseek-v3,HumanEval/67,True,passed
deepseek-v3,HumanEval/68,True,passed
deepseek-v3,HumanEval/69,True,passed
deepseek-v3,HumanEval/7,True,passed
deepseek-v3,HumanEval/70,True,passed
deepseek-v3,HumanEval/71,True,passed
deepseek-v3,HumanEval/72,True,passed
deepseek-v3,HumanEval/73,True,passed
deepseek-v3,HumanEval/74,True,passed
deepseek-v3,HumanEval/75,True,passed
deepseek-v3,HumanEval/76,True,passed
deepseek-v3,HumanEval/77,True,passed
deepseek-v3,HumanEval/78,True,passed
deepseek-v3,HumanEval/79,True,passed
deepseek-v3,HumanEval/8,True,passed
deepseek-v3,HumanEval/80,True,passed
deepseek-v3,HumanEval/81,True,passed
deepseek-v3,HumanEval/82,True,passed
deepseek-v3,HumanEval/83,True,passed
deepseek-v3,HumanEval/84,True,passed
deepseek-v3,HumanEval/85,True,passed
deepseek-v3,HumanEval/86,True,passed
deepseek-v3,HumanEval/87,True,passed
deepseek-v3,HumanEval/88,True,passed
deepseek-v3,HumanEval/89,True,passed
deepseek-v3,HumanEval/9,True,passed
deepseek-v3,HumanEval/90,True,passed
deepseek-v3,HumanEval/91,True,passed
deepseek-v3,HumanEval/92,True,passed
deepseek-v3,HumanEval/93,False,AssertionError: This prints if this assert fails 1 (good for debugging!)
deepseek-v3,HumanEval/94,True,passed
deepseek-v3,HumanEval/95,True,passed
deepseek-v3,HumanEval/96,True,passed
deepseek-v3,HumanEval/97,True,passed
deepseek-v3,HumanEval/98,True,passed
deepseek-v3,HumanEval/99,True,passed
kimi-k2.5,HumanEval/0,True,passed
kimi-k2.5,HumanEval/1,True,passed
kimi-k2.5,HumanEval/10,True,passed
kimi-k2.5,HumanEval/100,True,passed
kimi-k2.5,HumanEval/101,True,passed
kimi-k2.5,HumanEval/102,True,passed
kimi-k2.5,HumanEval/103,True,passed
kimi-k2.5,HumanEval/104,True,passed
kimi-k2.5,HumanEval/105,True,passed
kimi-k2.5,HumanEval/106,True,passed
kimi-k2.5,HumanEval/107,True,passed
kimi-k2.5,HumanEval/108,False,AssertionError
kimi-k2.5,HumanEval/109,True,passed
kimi-k2.5,HumanEval/11,True,passed
kimi-k2.5,HumanEval/110,True,passed
kimi-k2.5,HumanEval/111,True,passed
kimi-k2.5,HumanEval/112,True,passed
kimi-k2.5,HumanEval/113,True,passed
kimi-k2.5,HumanEval/114,True,passed
kimi-k2.5,HumanEval/115,True,passed
kimi-k2.5,HumanEval/116,True,passed
kimi-k2.5,HumanEval/117,True,passed
kimi-k2.5,HumanEval/118,True,passed
kimi-k2.5,HumanEval/119,True,passed
kimi-k2.5,HumanEval/12,True,passed
kimi-k2.5,HumanEval/120,True,passed
kimi-k2.5,HumanEval/121,True,passed
kimi-k2.5,HumanEval/122,True,passed
kimi-k2.5,HumanEval/123,True,passed
kimi-k2.5,HumanEval/124,True,passed
kimi-k2.5,HumanEval/125,False,AssertionError
kimi-k2.5,HumanEval/126,True,passed
kimi-k2.5,HumanEval/127,False,AssertionError
kimi-k2.5,HumanEval/128,True,passed
kimi-k2.5,HumanEval/129,True,passed
kimi-k2.5,HumanEval/13,True,passed
kimi-k2.5,HumanEval/130,True,passed
kimi-k2.5,HumanEval/131,True,passed
kimi-k2.5,HumanEval/132,False,AssertionError
kimi-k2.5,HumanEval/133,True,passed
kimi-k2.5,HumanEval/134,True,passed
kimi-k2.5,HumanEval/135,True,passed
kimi-k2.5,HumanEval/136,True,passed
kimi-k2.5,HumanEval/137,True,passed
kimi-k2.5,HumanEval/138,True,passed
kimi-k2.5,HumanEval/139,True,passed
kimi-k2.5,HumanEval/14,True,passed
kimi-k2.5,HumanEval/140,True,passed
kimi-k2.5,HumanEval/141,True,passed
kimi-k2.5,HumanEval/142,True,passed
kimi-k2.5,HumanEval/143,True,passed
kimi-k2.5,HumanEval/144,True,passed
kimi-k2.5,HumanEval/145,False,AssertionError
kimi-k2.5,HumanEval/146,True,passed
kimi-k2.5,HumanEval/147,True,passed
kimi-k2.5,HumanEval/148,True,passed
kimi-k2.5,HumanEval/149,True,passed
kimi-k2.5,HumanEval/15,True,passed
kimi-k2.5,HumanEval/150,True,passed
kimi-k2.5,HumanEval/151,True,passed
kimi-k2.5,HumanEval/152,True,passed
kimi-k2.5,HumanEval/153,True,passed
kimi-k2.5,HumanEval/154,True,passed
kimi-k2.5,HumanEval/155,True,passed
kimi-k2.5,HumanEval/156,True,passed
kimi-k2.5,HumanEval/157,True,passed
kimi-k2.5,HumanEval/158,True,passed
kimi-k2.5,HumanEval/159,True,passed
kimi-k2.5,HumanEval/16,True,passed
kimi-k2.5,HumanEval/160,True,passed
kimi-k2.5,HumanEval/161,True,passed
kimi-k2.5,HumanEval/162,True,passed
kimi-k2.5,HumanEval/163,True,passed
kimi-k2.5,HumanEval/17,True,passed
kimi-k2.5,HumanEval/18,True,passed
kimi-k2.5,HumanEval/19,True,passed
kimi-k2.5,HumanEval/2,True,passed
kimi-k2.5,HumanEval/20,True,passed
kimi-k2.5,HumanEval/21,True,passed
kimi-k2.5,HumanEval/22,True,passed
kimi-k2.5,HumanEval/23,True,passed
kimi-k2.5,HumanEval/24,True,passed
kimi-k2.5,HumanEval/25,True,passed
kimi-k2.5,HumanEval/26,True,passed
kimi-k2.5,HumanEval/27,True,passed
kimi-k2.5,HumanEval/28,True,passed
kimi-k2.5,HumanEval/29,True,passed
kimi-k2.5,HumanEval/3,True,passed
kimi-k2.5,HumanEval/30,True,passed
kimi-k2.5,HumanEval/31,True,passed
kimi-k2.5,HumanEval/32,True,passed
kimi-k2.5,HumanEval/33,True,passed
kimi-k2.5,HumanEval/34,True,passed
kimi-k2.5,HumanEval/35,True,passed
kimi-k2.5,HumanEval/36,True,passed
kimi-k2.5,HumanEval/37,True,passed
kimi-k2.5,HumanEval/38,True,passed
kimi-k2.5,HumanEval/39,True,passed
kimi-k2.5,HumanEval/4,True,passed
kimi-k2.5,HumanEval/40,True,passed
kimi-k2.5,HumanEval/41,True,passed
kimi-k2.5,HumanEval/42,True,passed
kimi-k2.5,HumanEval/43,True,passed
kimi-k2.5,HumanEval/44,True,passed
kimi-k2.5,HumanEval/45,True,passed
kimi-k2.5,HumanEval/46,True,passed
kimi-k2.5,HumanEval/47,True,passed
kimi-k2.5,HumanEval/48,True,passed
kimi-k2.5,HumanEval/49,True,passed
kimi-k2.5,HumanEval/5,True,passed
kimi-k2.5,HumanEval/50,True,passed
kimi-k2.5,HumanEval/51,True,passed
kimi-k2.5,HumanEval/52,True,passed
kimi-k2.5,HumanEval/53,True,passed
kimi-k2.5,HumanEval/54,True,passed
kimi-k2.5,HumanEval/55,True,passed
kimi-k2.5,HumanEval/56,True,passed
kimi-k2.5,HumanEval/57,True,passed
kimi-k2.5,HumanEval/58,True,passed
kimi-k2.5,HumanEval/59,True,passed
kimi-k2.5,HumanEval/6,True,passed
kimi-k2.5,HumanEval/60,True,passed
kimi-k2.5,HumanEval/61,True,passed
kimi-k2.5,HumanEval/62,True,passed
kimi-k2.5,HumanEval/63,True,passed
kimi-k2.5,HumanEval/64,True,passed
kimi-k2.5,HumanEval/65,True,passed
kimi-k2.5,HumanEval/66,True,passed
kimi-k2.5,HumanEval/67,True,passed
kimi-k2.5,HumanEval/68,True,passed
kimi-k2.5,HumanEval/69,True,passed
kimi-k2.5,HumanEval/7,True,passed
kimi-k2.5,HumanEval/70,True,passed
kimi-k2.5,HumanEval/71,True,passed
kimi-k2.5,HumanEval/72,True,passed
kimi-k2.5,HumanEval/73,True,passed
kimi-k2.5,HumanEval/74,True,passed
kimi-k2.5,HumanEval/75,True,passed
kimi-k2.5,HumanEval/76,True,passed
kimi-k2.5,HumanEval/77,True,passed
kimi-k2.5,HumanEval/78,True,passed
kimi-k2.5,HumanEval/79,True,passed
kimi-k2.5,HumanEval/8,True,passed
kimi-k2.5,HumanEval/80,True,passed
kimi-k2.5,HumanEval/81,True,passed
kimi-k2.5,HumanEval/82,True,passed
kimi-k2.5,HumanEval/83,True,passed
kimi-k2.5,HumanEval/84,True,passed
kimi-k2.5,HumanEval/85,True,passed
kimi-k2.5,HumanEval/86,True,passed
kimi-k2.5,HumanEval/87,True,passed
kimi-k2.5,HumanEval/88,True,passed
kimi-k2.5,HumanEval/89,True,passed
kimi-k2.5,HumanEval/9,True,passed
kimi-k2.5,HumanEval/90,True,passed
kimi-k2.5,HumanEval/91,True,passed
kimi-k2.5,HumanEval/92,True,passed
kimi-k2.5,HumanEval/93,False,AssertionError: This prints if this assert fails 1 (good for debugging!)
kimi-k2.5,HumanEval/94,True,passed
kimi-k2.5,HumanEval/95,True,passed
kimi-k2.5,HumanEval/96,True,passed
kimi-k2.5,HumanEval/97,True,passed
kimi-k2.5,HumanEval/98,True,passed
kimi-k2.5,HumanEval/99,True,passed
qwen-coder-30b,HumanEval/0,True,passed
qwen-coder-30b,HumanEval/1,True,passed
qwen-coder-30b,HumanEval/10,True,passed
qwen-coder-30b,HumanEval/100,True,passed
qwen-coder-30b,HumanEval/101,True,passed
qwen-coder-30b,HumanEval/102,True,passed
qwen-coder-30b,HumanEval/103,True,passed
qwen-coder-30b,HumanEval/104,True,passed
qwen-coder-30b,HumanEval/105,True,passed
qwen-coder-30b,HumanEval/106,True,passed
qwen-coder-30b,HumanEval/107,True,passed
qwen-coder-30b,HumanEval/108,True,passed
qwen-coder-30b,HumanEval/109,True,passed
qwen-coder-30b,HumanEval/11,True,passed
qwen-coder-30b,HumanEval/110,True,passed
qwen-coder-30b,HumanEval/111,True,passed
qwen-coder-30b,HumanEval/112,True,passed
qwen-coder-30b,HumanEval/113,True,passed
qwen-coder-30b,HumanEval/114,True,passed
qwen-coder-30b,HumanEval/115,False,AssertionError: Error
qwen-coder-30b,HumanEval/116,False,AssertionError
qwen-coder-30b,HumanEval/117,True,passed
qwen-coder-30b,HumanEval/118,True,passed
qwen-coder-30b,HumanEval/119,True,passed
qwen-coder-30b,HumanEval/12,True,passed
qwen-coder-30b,HumanEval/120,True,passed
qwen-coder-30b,HumanEval/121,True,passed
qwen-coder-30b,HumanEval/122,False,AssertionError
qwen-coder-30b,HumanEval/123,True,passed
qwen-coder-30b,HumanEval/124,True,passed
qwen-coder-30b,HumanEval/125,True,passed
qwen-coder-30b,HumanEval/126,False,AssertionError: This prints if this assert fails 7 (good for debugging!)
qwen-coder-30b,HumanEval/127,False,AssertionError
qwen-coder-30b,HumanEval/128,True,passed
qwen-coder-30b,HumanEval/129,False,no_code
qwen-coder-30b,HumanEval/13,True,passed
qwen-coder-30b,HumanEval/130,False,no_code
qwen-coder-30b,HumanEval/131,True,passed
qwen-coder-30b,HumanEval/132,False,AssertionError
qwen-coder-30b,HumanEval/133,True,passed
qwen-coder-30b,HumanEval/134,False,AssertionError
qwen-coder-30b,HumanEval/135,True,passed
qwen-coder-30b,HumanEval/136,True,passed
qwen-coder-30b,HumanEval/137,True,passed
qwen-coder-30b,HumanEval/138,True,passed
qwen-coder-30b,HumanEval/139,True,passed
qwen-coder-30b,HumanEval/14,True,passed
qwen-coder-30b,HumanEval/140,True,passed
qwen-coder-30b,HumanEval/141,True,passed
qwen-coder-30b,HumanEval/142,True,passed
qwen-coder-30b,HumanEval/143,True,passed
qwen-coder-30b,HumanEval/144,True,passed
qwen-coder-30b,HumanEval/145,False,AssertionError
qwen-coder-30b,HumanEval/146,True,passed
qwen-coder-30b,HumanEval/147,True,passed
qwen-coder-30b,HumanEval/148,True,passed
qwen-coder-30b,HumanEval/149,True,passed
qwen-coder-30b,HumanEval/15,True,passed
qwen-coder-30b,HumanEval/150,True,passed
qwen-coder-30b,HumanEval/151,True,passed
qwen-coder-30b,HumanEval/152,True,passed
qwen-coder-30b,HumanEval/153,True,passed
qwen-coder-30b,HumanEval/154,True,passed
qwen-coder-30b,HumanEval/155,True,passed
qwen-coder-30b,HumanEval/156,True,passed
qwen-coder-30b,HumanEval/157,True,passed
qwen-coder-30b,HumanEval/158,True,passed
qwen-coder-30b,HumanEval/159,True,passed
qwen-coder-30b,HumanEval/16,True,passed
qwen-coder-30b,HumanEval/160,False,AssertionError
qwen-coder-30b,HumanEval/161,True,passed
qwen-coder-30b,HumanEval/162,False,NameError: name 'hashlib' is not defined
qwen-coder-30b,HumanEval/163,False,AssertionError: Test 1
qwen-coder-30b,HumanEval/17,True,passed
qwen-coder-30b,HumanEval/18,True,passed
qwen-coder-30b,HumanEval/19,True,passed
qwen-coder-30b,HumanEval/2,True,passed
qwen-coder-30b,HumanEval/20,True,passed
qwen-coder-30b,HumanEval/21,True,passed
qwen-coder-30b,HumanEval/22,True,passed
qwen-coder-30b,HumanEval/23,True,passed
qwen-coder-30b,HumanEval/24,True,passed
qwen-coder-30b,HumanEval/25,True,passed
qwen-coder-30b,HumanEval/26,True,passed
qwen-coder-30b,HumanEval/27,True,passed
qwen-coder-30b,HumanEval/28,True,passed
qwen-coder-30b,HumanEval/29,True,passed
qwen-coder-30b,HumanEval/3,True,passed
qwen-coder-30b,HumanEval/30,True,passed
qwen-coder-30b,HumanEval/31,True,passed
qwen-coder-30b,HumanEval/32,True,passed
qwen-coder-30b,HumanEval/33,True,passed
qwen-coder-30b,HumanEval/34,True,passed
qwen-coder-30b,HumanEval/35,True,passed
qwen-coder-30b,HumanEval/36,True,passed
qwen-coder-30b,HumanEval/37,True,passed
qwen-coder-30b,HumanEval/38,True,passed
qwen-coder-30b,HumanEval/39,True,passed
qwen-coder-30b,HumanEval/4,True,passed
qwen-coder-30b,HumanEval/40,True,passed
qwen-coder-30b,HumanEval/41,True,passed
qwen-coder-30b,HumanEval/42,True,passed
qwen-coder-30b,HumanEval/43,True,passed
qwen-coder-30b,HumanEval/44,True,passed
qwen-coder-30b,HumanEval/45,True,passed
qwen-coder-30b,HumanEval/46,True,passed
qwen-coder-30b,HumanEval/47,True,passed
qwen-coder-30b,HumanEval/48,True,passed
qwen-coder-30b,HumanEval/49,True,passed
qwen-coder-30b,HumanEval/5,True,passed
qwen-coder-30b,HumanEval/50,True,passed
qwen-coder-30b,HumanEval/51,True,passed
qwen-coder-30b,HumanEval/52,True,passed
qwen-coder-30b,HumanEval/53,True,passed
qwen-coder-30b,HumanEval/54,False,AssertionError
qwen-coder-30b,HumanEval/55,True,passed
qwen-coder-30b,HumanEval/56,True,passed
qwen-coder-30b,HumanEval/57,True,passed
qwen-coder-30b,HumanEval/58,True,passed
qwen-coder-30b,HumanEval/59,True,passed
qwen-coder-30b,HumanEval/6,True,passed
qwen-coder-30b,HumanEval/60,True,passed
qwen-coder-30b,HumanEval/61,True,passed
qwen-coder-30b,HumanEval/62,True,passed
qwen-coder-30b,HumanEval/63,True,passed
qwen-coder-30b,HumanEval/64,True,passed
qwen-coder-30b,HumanEval/65,True,passed
qwen-coder-30b,HumanEval/66,True,passed
qwen-coder-30b,HumanEval/67,True,passed
qwen-coder-30b,HumanEval/68,True,passed
qwen-coder-30b,HumanEval/69,True,passed
qwen-coder-30b,HumanEval/7,True,passed
qwen-coder-30b,HumanEval/70,True,passed
qwen-coder-30b,HumanEval/71,True,passed
qwen-coder-30b,HumanEval/72,True,passed
qwen-coder-30b,HumanEval/73,True,passed
qwen-coder-30b,HumanEval/74,True,passed
qwen-coder-30b,HumanEval/75,False,AssertionError
qwen-coder-30b,HumanEval/76,True,passed
qwen-coder-30b,HumanEval/77,True,passed
qwen-coder-30b,HumanEval/78,True,passed
qwen-coder-30b,HumanEval/79,True,passed
qwen-coder-30b,HumanEval/8,True,passed
qwen-coder-30b,HumanEval/80,True,passed
qwen-coder-30b,HumanEval/81,True,passed
qwen-coder-30b,HumanEval/82,True,passed
qwen-coder-30b,HumanEval/83,True,passed
qwen-coder-30b,HumanEval/84,True,passed
qwen-coder-30b,HumanEval/85,True,passed
qwen-coder-30b,HumanEval/86,True,passed
qwen-coder-30b,HumanEval/87,True,passed
qwen-coder-30b,HumanEval/88,True,passed
qwen-coder-30b,HumanEval/89,True,passed
qwen-coder-30b,HumanEval/9,True,passed
qwen-coder-30b,HumanEval/90,True,passed
qwen-coder-30b,HumanEval/91,True,passed
qwen-coder-30b,HumanEval/92,True,passed
qwen-coder-30b,HumanEval/93,True,passed
qwen-coder-30b,HumanEval/94,True,passed
qwen-coder-30b,HumanEval/95,True,passed
qwen-coder-30b,HumanEval/96,True,passed
qwen-coder-30b,HumanEval/97,True,passed
qwen-coder-30b,HumanEval/98,True,passed
qwen-coder-30b,HumanEval/99,True,passed
qwen-coder-next,HumanEval/0,True,passed
qwen-coder-next,HumanEval/1,True,passed
qwen-coder-next,HumanEval/10,True,passed
qwen-coder-next,HumanEval/100,True,passed
qwen-coder-next,HumanEval/101,True,passed
qwen-coder-next,HumanEval/102,True,passed
qwen-coder-next,HumanEval/103,True,passed
qwen-coder-next,HumanEval/104,True,passed
qwen-coder-next,HumanEval/105,True,passed
qwen-coder-next,HumanEval/106,True,passed
qwen-coder-next,HumanEval/107,True,passed
qwen-coder-next,HumanEval/108,True,passed
qwen-coder-next,HumanEval/109,True,passed
qwen-coder-next,HumanEval/11,True,passed
qwen-coder-next,HumanEval/110,True,passed
qwen-coder-next,HumanEval/111,True,passed
qwen-coder-next,HumanEval/112,True,passed
qwen-coder-next,HumanEval/113,False,AssertionError: Test 1
qwen-coder-next,HumanEval/114,True,passed
qwen-coder-next,HumanEval/115,True,passed
qwen-coder-next,HumanEval/116,True,passed
qwen-coder-next,HumanEval/117,True,passed
qwen-coder-next,HumanEval/118,True,passed
qwen-coder-next,HumanEval/119,True,passed
qwen-coder-next,HumanEval/12,True,passed
qwen-coder-next,HumanEval/120,True,passed
qwen-coder-next,HumanEval/121,True,passed
qwen-coder-next,HumanEval/122,True,passed
qwen-coder-next,HumanEval/123,True,passed
qwen-coder-next,HumanEval/124,True,passed
qwen-coder-next,HumanEval/125,True,passed
qwen-coder-next,HumanEval/126,True,passed
qwen-coder-next,HumanEval/127,False,AssertionError
qwen-coder-next,HumanEval/128,True,passed
qwen-coder-next,HumanEval/129,True,passed
qwen-coder-next,HumanEval/13,True,passed
qwen-coder-next,HumanEval/130,True,passed
qwen-coder-next,HumanEval/131,True,passed
qwen-coder-next,HumanEval/132,False,AssertionError
qwen-coder-next,HumanEval/133,True,passed
qwen-coder-next,HumanEval/134,False,AssertionError
qwen-coder-next,HumanEval/135,True,passed
qwen-coder-next,HumanEval/136,True,passed
qwen-coder-next,HumanEval/137,True,passed
qwen-coder-next,HumanEval/138,True,passed
qwen-coder-next,HumanEval/139,True,passed
qwen-coder-next,HumanEval/14,True,passed
qwen-coder-next,HumanEval/140,True,passed
qwen-coder-next,HumanEval/141,True,passed
qwen-coder-next,HumanEval/142,True,passed
qwen-coder-next,HumanEval/143,True,passed
qwen-coder-next,HumanEval/144,True,passed
qwen-coder-next,HumanEval/145,False,AssertionError
qwen-coder-next,HumanEval/146,True,passed
qwen-coder-next,HumanEval/147,True,passed
qwen-coder-next,HumanEval/148,True,passed
qwen-coder-next,HumanEval/149,True,passed
qwen-coder-next,HumanEval/15,True,passed
qwen-coder-next,HumanEval/150,True,passed
qwen-coder-next,HumanEval/151,True,passed
qwen-coder-next,HumanEval/152,True,passed
qwen-coder-next,HumanEval/153,True,passed
qwen-coder-next,HumanEval/154,True,passed
qwen-coder-next,HumanEval/155,True,passed
qwen-coder-next,HumanEval/156,True,passed
qwen-coder-next,HumanEval/157,True,passed
qwen-coder-next,HumanEval/158,False,AssertionError: t2
qwen-coder-next,HumanEval/159,True,passed
qwen-coder-next,HumanEval/16,True,passed
qwen-coder-next,HumanEval/160,False,AssertionError
qwen-coder-next,HumanEval/161,True,passed
qwen-coder-next,HumanEval/162,True,passed
qwen-coder-next,HumanEval/163,False,AssertionError: Test 1
qwen-coder-next,HumanEval/17,True,passed
qwen-coder-next,HumanEval/18,True,passed
qwen-coder-next,HumanEval/19,True,passed
qwen-coder-next,HumanEval/2,True,passed
qwen-coder-next,HumanEval/20,True,passed
qwen-coder-next,HumanEval/21,True,passed
qwen-coder-next,HumanEval/22,True,passed
qwen-coder-next,HumanEval/23,True,passed
qwen-coder-next,HumanEval/24,True,passed
qwen-coder-next,HumanEval/25,True,passed
qwen-coder-next,HumanEval/26,True,passed
qwen-coder-next,HumanEval/27,True,passed
qwen-coder-next,HumanEval/28,True,passed
qwen-coder-next,HumanEval/29,True,passed
qwen-coder-next,HumanEval/3,True,passed
qwen-coder-next,HumanEval/30,True,passed
qwen-coder-next,HumanEval/31,True,passed
qwen-coder-next,HumanEval/32,False,AssertionError
qwen-coder-next,HumanEval/33,True,passed
qwen-coder-next,HumanEval/34,True,passed
qwen-coder-next,HumanEval/35,True,passed
qwen-coder-next,HumanEval/36,True,passed
qwen-coder-next,HumanEval/37,True,passed
qwen-coder-next,HumanEval/38,True,passed
qwen-coder-next,HumanEval/39,True,passed
qwen-coder-next,HumanEval/4,True,passed
qwen-coder-next,HumanEval/40,True,passed
qwen-coder-next,HumanEval/41,True,passed
qwen-coder-next,HumanEval/42,True,passed
qwen-coder-next,HumanEval/43,True,passed
qwen-coder-next,HumanEval/44,True,passed
qwen-coder-next,HumanEval/45,True,passed
qwen-coder-next,HumanEval/46,True,passed
qwen-coder-next,HumanEval/47,True,passed
qwen-coder-next,HumanEval/48,True,passed
qwen-coder-next,HumanEval/49,True,passed
qwen-coder-next,HumanEval/5,True,passed
qwen-coder-next,HumanEval/50,True,passed
qwen-coder-next,HumanEval/51,True,passed
qwen-coder-next,HumanEval/52,True,passed
qwen-coder-next,HumanEval/53,True,passed
qwen-coder-next,HumanEval/54,False,AssertionError
qwen-coder-next,HumanEval/55,True,passed
qwen-coder-next,HumanEval/56,True,passed
qwen-coder-next,HumanEval/57,True,passed
qwen-coder-next,HumanEval/58,True,passed
qwen-coder-next,HumanEval/59,True,passed
qwen-coder-next,HumanEval/6,True,passed
qwen-coder-next,HumanEval/60,True,passed
qwen-coder-next,HumanEval/61,True,passed
qwen-coder-next,HumanEval/62,False,AssertionError
qwen-coder-next,HumanEval/63,True,passed
qwen-coder-next,HumanEval/64,True,passed
qwen-coder-next,HumanEval/65,True,passed
qwen-coder-next,HumanEval/66,True,passed
qwen-coder-next,HumanEval/67,False,ValueError: invalid literal for int() with base 10: 'and'
qwen-coder-next,HumanEval/68,True,passed
qwen-coder-next,HumanEval/69,True,passed
qwen-coder-next,HumanEval/7,True,passed
qwen-coder-next,HumanEval/70,True,passed
qwen-coder-next,HumanEval/71,True,passed
qwen-coder-next,HumanEval/72,True,passed
qwen-coder-next,HumanEval/73,True,passed
qwen-coder-next,HumanEval/74,True,passed
qwen-coder-next,HumanEval/75,True,passed
qwen-coder-next,HumanEval/76,True,passed
qwen-coder-next,HumanEval/77,True,passed
qwen-coder-next,HumanEval/78,True,passed
qwen-coder-next,HumanEval/79,True,passed
qwen-coder-next,HumanEval/8,True,passed
qwen-coder-next,HumanEval/80,True,passed
qwen-coder-next,HumanEval/81,True,passed
qwen-coder-next,HumanEval/82,True,passed
qwen-coder-next,HumanEval/83,False,AssertionError
qwen-coder-next,HumanEval/84,True,passed
qwen-coder-next,HumanEval/85,True,passed
qwen-coder-next,HumanEval/86,True,passed
qwen-coder-next,HumanEval/87,True,passed
qwen-coder-next,HumanEval/88,True,passed
qwen-coder-next,HumanEval/89,True,passed
qwen-coder-next,HumanEval/9,True,passed
qwen-coder-next,HumanEval/90,True,passed
qwen-coder-next,HumanEval/91,True,passed
qwen-coder-next,HumanEval/92,True,passed
qwen-coder-next,HumanEval/93,False,AssertionError: This prints if this assert fails 1 (good for debugging!)
qwen-coder-next,HumanEval/94,True,passed
qwen-coder-next,HumanEval/95,True,passed
qwen-coder-next,HumanEval/96,True,passed
qwen-coder-next,HumanEval/97,True,passed
qwen-coder-next,HumanEval/98,True,passed
qwen-coder-next,HumanEval/99,True,passed
